id,title,description,image_link,link,product_type,brand,price,availability,item_group_id,checkout_url,additional_image_link,sale_price_effective_date,sale_price,condition,visibility,default_product,variant
wc_post_id_1724,"Caipora - Goddess Of The Forests","Seu nome tem origem na língua tupi: “kaa-póra” (habitante das matas), um ente fantástico que protege a natureza, em especial, os animais, à semelhança da deusas céltica Arduinna e nórdica Freya (todas igualmente acompanhadas por um porco selvagem) e das grego-romanas Artemis/Diana.",https://hvfartes.com.br/wp-content/uploads/2019/08/Caipora_Henrique-Vieira-Filho_divulgacao_versao_web.jpg,https://hvfartes.com.br/produto/caipora-goddess-of-the-forests/,"Henrique Vieira Filho, Telas - Pinturas - Gravuras, Série Mitologia","HVF Artes",4670BRL,in stock,wc_post_id_1724,https://hvfartes.com.br/carrinho/?add-to-cart=1724,"https://hvfartes.com.br/wp-content/uploads/2019/08/Caipora_Henrique-Vieira-Filho_divulgacao_pose_versao_web.jpg",1970-01-29T00:00+00:00/1970-01-30T23:59+00:00,4670BRL,new,published,,
wc_post_id_1723,"Birth Of The Saci","De origem tupi-guarani, não possui forma, daí sua associação com a força do vento (redemoinho…), capaz de revirar o ambiente. Ao tomar contato com a cultura africana, associou-se a imagem de uma criança, que teria até perdido uma perna devido à capoeira.",https://hvfartes.com.br/wp-content/uploads/2019/08/Nascimento-Do-Saci_Artista-Henrique-Vieira-Filho_divulgacao_versao_web.jpg,https://hvfartes.com.br/produto/birth-of-the-saci/,"Henrique Vieira Filho, Telas - Pinturas - Gravuras, Série Mitologia","HVF Artes",4670BRL,in stock,wc_post_id_1723,https://hvfartes.com.br/carrinho/?add-to-cart=1723,"https://hvfartes.com.br/wp-content/uploads/2019/08/Nascimento-do-Saci_Henrique_Vieira_Filho_divulgacao_pose.jpg",1970-01-29T00:00+00:00/1970-01-30T23:59+00:00,4670BRL,new,published,,
wc_post_id_1661,"Yara - Mother Of The Waters","Yara, Uiara (do tupi y-îara, 'senhora das águas'). Guerreira das tradições indígenas (Tupi-Guarani), renasce como espírito nas águas doces, que se tornam seu domínio. A miscigenação com a cultura européia lhe antropomorfiza como Sereia.",https://hvfartes.com.br/wp-content/uploads/2019/08/Tela_Iara_Artista_Henrique_Vieira_Filho_Divulgacao_versao_web.jpg,https://hvfartes.com.br/produto/yara-mother-of-the-waters/,"Henrique Vieira Filho, Telas - Pinturas - Gravuras, Série Mitologia","HVF Artes",4670BRL,in stock,wc_post_id_1661,https://hvfartes.com.br/carrinho/?add-to-cart=1661,"https://hvfartes.com.br/wp-content/uploads/2019/08/Artwork_Iara_Mother_of_Water_Artist_Henrique_Vieira_Filho_versao_web.jpg,https://hvfartes.com.br/wp-content/uploads/2019/08/Artwork_Iara_Mother_of_Water_Artist_Henrique_Vieira_Filho_divulgacao_versao_web.jpg",1970-01-29T00:00+00:00/1970-01-30T23:59+00:00,4670BRL,new,published,,
wc_post_id_1655,"The Goddess Of The Seas","Inspirado nas tradições afro-brasileiras, em especial, Iemanjá, o Artista retrata a rainha do mar, deusa protetora, maternal e, ao mesmo tempo, senhora da força da natureza das águas, implacável quando necessário.",https://hvfartes.com.br/wp-content/uploads/2019/08/Artwork_The_Goddess_Of_The_Seas_Artist_Henrique_Vieira_Filho_divulgacao_versao_web.jpg,https://hvfartes.com.br/produto/goddess-of-the-seas/,"Telas - Pinturas - Gravuras, Série Mitologia","HVF Artes",4670BRL,in stock,wc_post_id_1655,https://hvfartes.com.br/carrinho/?add-to-cart=1655,"https://hvfartes.com.br/wp-content/uploads/2019/08/The_Goddess_Of_The_Seas_and_Artist_Henrique_Vieira_Filho_divulgacao_versao_web.jpg,https://hvfartes.com.br/wp-content/uploads/2019/08/Model_Tayna_Photografer_Henrique_Vieira_Filho_divulgacao_versao_web.jpg,https://hvfartes.com.br/wp-content/uploads/2019/08/The_Goddess_Of_The_Seas_Artist_Henrique_Vieira_Filho_divulgacao_versao_web.jpg",1970-01-29T00:00+00:00/1970-01-30T23:59+00:00,4670BRL,new,published,,
wc_post_id_1392,"Fashion Nature","Title: Fashion Nature 
Artist: Henrique Vieira Filho 
Mixed media on canvas 
Size: 80 x 120 cm -  31,5 x 47,25 inches 
Year: 2018 
Original Limited Edition Engraving: 08 
Hand signed by the Artis",https://hvfartes.com.br/wp-content/uploads/2018/12/Fashion-Nature-Artist-Henrique-Vieira-Filho-divulgacao-versao-web.jpg,https://hvfartes.com.br/produto/fashion-nature/,"projeto RE-ARTE, Telas - Pinturas - Gravuras","HVF Artes",4670BRL,in stock,wc_post_id_1392,https://hvfartes.com.br/carrinho/?add-to-cart=1392,,1970-01-29T00:00+00:00/1970-01-30T23:59+00:00,4670BRL,new,published,,
wc_post_id_1386,"Genesis","Re – Arte 
Um SUPER trabalho do artista Henrique Vieira Filho que  fez uma releitura da obra 'O Berço'  de Melissa Zimosky.",https://hvfartes.com.br/wp-content/uploads/2018/12/Title_Genesis_Artist_Henrique_Vieira_Filho_divulgacao_versao_web.jpg,https://hvfartes.com.br/produto/genesis/,"projeto RE-ARTE, Telas - Pinturas - Gravuras","HVF Artes",4670BRL,in stock,wc_post_id_1386,https://hvfartes.com.br/carrinho/?add-to-cart=1386,,1970-01-29T00:00+00:00/1970-01-30T23:59+00:00,4670BRL,new,published,,
wc_post_id_1384,"CATrina","Re - Arte 
Em uma trabalho com a artista plástica Monique Nunes, onde o artista Henrique Vieira Filho  fez uma releitura das obras de Munique.",https://hvfartes.com.br/wp-content/uploads/2018/12/Title_CATrina_Artista_Henrique_Vieirs_Filho_divulgacao_versao_web-1.jpg,https://hvfartes.com.br/produto/catrina/,"projeto RE-ARTE, Telas - Pinturas - Gravuras","HVF Artes",4670BRL,in stock,wc_post_id_1384,https://hvfartes.com.br/carrinho/?add-to-cart=1384,"https://hvfartes.com.br/wp-content/uploads/2018/10/SAM_101_0072_360.jpg,https://hvfartes.com.br/wp-content/uploads/2018/10/O20Artista20PlC3A1stico20e20Psicanalista20Henrique20Vieira20Filho20apresenta20sua20releitura20das20aquarelas20da20da20BiC3B3loga20e20Artista20PlC3A1stica20Monique20Nunes.jpeg,https://hvfartes.com.br/wp-content/uploads/2018/10/Titulo_-CATrina_Artista_Henrique_Vieira_Filho_Projeto_ReArte_versao_web.jpg",1970-01-29T00:00+00:00/1970-01-30T23:59+00:00,4670BRL,new,published,,
Hammer March_635,"Hammer March","O Artista homenageia Pink Floyd ressaltando a simbologia ambivalente do martelo (que tanto constrói, quanto destrói) e do muro (que protege, porém isola).",https://hvfartes.com.br/wp-content/uploads/2018/08/Tela_Hammer_March_Artista_Henrique_Vieira_Filho_1600x1067px.jpg,https://hvfartes.com.br/produto/hammer-march/,"Telas - Pinturas - Gravuras","HVF Artes",4670BRL,in stock,Hammer March_635,https://hvfartes.com.br/carrinho/?add-to-cart=635,"https://hvfartes.com.br/wp-content/uploads/2018/08/Afrodite_Henrique_Vieira_Filho_Selo_Autenticacao_Holografico.jpg",1970-01-29T00:00+00:00/1970-01-30T23:59+00:00,4670BRL,new,published,,
wc_post_id_557,"Opcional - Acabamento Em Chassis De Madeira","Por padrão, nossas as obras de Arte são enviadas em tubos, com as telas enroladas, ficando a cargo do comprador aplicar o acabamento que desejar, 
 
Ao incluir este Opcional de Acabamento, nossa Galeria  se incumbe da montagem da tela, em chassis de madeiras de reflorestamento (não necessitam de moldura externa). 
 
Chassi é o nome da armação de madeira onde é tensionada a tela, sendo este o mais tradicional e o mais adequado para emoldurar. 
 
Continuidade nas Bordas - Tela com arte contínua nas laterais, dando um toque especial a peça, dispensando, assim a moldura. Com um toque de modernidade, a continuidade da arte nas laterais destacam a Arte no ambiente. 
 
Acabamento Selado: Verso com acabamento selado em fita Craft de alta densidade, reforçando para que a tela fique sempre bem tensionada e protegendo os grampos .",https://hvfartes.com.br/wp-content/uploads/2018/08/Afrodite_Henrique_Vieira_Filho_Selo_Autenticacao_Holografico.jpg,https://hvfartes.com.br/produto/opcional-acabamento-em-chassis-de-madeira/,"Série Afrodites, Série I Ching, Telas - Pinturas - Gravuras, Série Mitologia, Série Giocondas","HVF Artes",170BRL,in stock,wc_post_id_557,https://hvfartes.com.br/carrinho/?add-to-cart=557,"https://hvfartes.com.br/wp-content/uploads/2018/08/montagem_tela_1.jpg,https://hvfartes.com.br/wp-content/uploads/2018/08/montagem_tela_2.jpg",1970-01-29T00:00+00:00/1970-01-30T23:59+00:00,170BRL,new,published,,
Megalopolitanos_554,"Megalopolitanos","O morro como Torre de Babel e o muro que divide realidades, do esplendor da Natureza aos perigos da força guerreira terra-cota, passando por Roger Waters e Salvador Dali, sob as bênçãos de esperança da Sadako e seus Tsurus.",https://hvfartes.com.br/wp-content/uploads/2018/08/Monumento_Divulgacao_1660x1067px_versao_web.jpg,https://hvfartes.com.br/produto/megalopolitanos/,"Telas - Pinturas - Gravuras","HVF Artes",4670BRL,in stock,Megalopolitanos_554,https://hvfartes.com.br/carrinho/?add-to-cart=554,"https://hvfartes.com.br/wp-content/uploads/2016/08/820-Hsu-A-Espera.jpg,https://hvfartes.com.br/wp-content/uploads/2018/08/Tela_Megalopolitanos_Artista_Henrique_Vieira_Filho_Divulgacao_versao_web.jpg",1970-01-29T00:00+00:00/1970-01-30T23:59+00:00,4670BRL,new,published,,
Polimetropolis_552,"Polimetropolis","Arquiteturas icônicas da Cidade de São Paulo, mescladas em cores, luzes e texturas, com o Teatro Municipal, os prédios da região do Viaduto Santa Ifigênia, em contraste com a contemporaneidade da Ponte Estaiada.",https://hvfartes.com.br/wp-content/uploads/2018/08/Pauliceia_Polis_Divulgacao_30x45cm_300dpi.jpg,https://hvfartes.com.br/produto/polimetropolis/,"Telas - Pinturas - Gravuras","HVF Artes",4670BRL,in stock,Polimetropolis_552,https://hvfartes.com.br/carrinho/?add-to-cart=552,"https://hvfartes.com.br/wp-content/uploads/2018/08/Tela_Polimetropolis_Artista_Henrique_Vieira_Filho_divulgacao_versao_web.jpg,https://hvfartes.com.br/wp-content/uploads/2016/08/820-Hsu-A-Espera.jpg",1970-01-29T00:00+00:00/1970-01-30T23:59+00:00,4670BRL,new,published,,
Berlin Wall_550,"Berlin Wall","Icônico, histórico, o Muro de Berlim, com as cotidianas crianças de Henri Cartier-Bresson e ele próprio na tela, juntamente com versões jovens do artista e  de  Pedro Bial, que aparece já adulto, como parte dos grafites que profetizam a queda, sob as bênçãos de paz dos Tsurus.",https://hvfartes.com.br/wp-content/uploads/2018/08/image12.jpg,https://hvfartes.com.br/produto/berlin-wall/,"Telas - Pinturas - Gravuras","HVF Artes",4670BRL,in stock,Berlin Wall_550,https://hvfartes.com.br/carrinho/?add-to-cart=550,,1970-01-29T00:00+00:00/1970-01-30T23:59+00:00,4670BRL,new,published,,
Tarot - The Tower_548,"Tarot - The Tower","O muro que deveria proteger, vestindo-nos como torre, e que, tal qual Babel, sofre a ação transcendente que nos força a sair da inércia.",https://hvfartes.com.br/wp-content/uploads/2018/08/image11.jpg,https://hvfartes.com.br/produto/tarot-the-tower/,"Telas - Pinturas - Gravuras","HVF Artes",4670BRL,in stock,Tarot - The Tower_548,https://hvfartes.com.br/carrinho/?add-to-cart=548,,1970-01-29T00:00+00:00/1970-01-30T23:59+00:00,4670BRL,new,published,,
Wall Face_546,"Wall Face","As defesas emocionais com as quais nos escutamos, ora protegem, ora limitam, podendo nos emparedar em nossos traumas.",https://hvfartes.com.br/wp-content/uploads/2018/08/Wall-FAce.jpg,https://hvfartes.com.br/produto/wall-face/,"Telas - Pinturas - Gravuras","HVF Artes",4670BRL,in stock,Wall Face_546,https://hvfartes.com.br/carrinho/?add-to-cart=546,"https://hvfartes.com.br/wp-content/uploads/2018/08/20180503_170037.jpg,https://hvfartes.com.br/wp-content/uploads/2018/08/20180503_164811.jpg,https://hvfartes.com.br/wp-content/uploads/2018/08/20180503_164628.jpg,https://hvfartes.com.br/wp-content/uploads/2018/08/Arte_Terapia_Henrique_Vieira_Filho_25.jpg,https://hvfartes.com.br/wp-content/uploads/2016/08/820-Hsu-A-Espera.jpg",1970-01-29T00:00+00:00/1970-01-30T23:59+00:00,4670BRL,new,published,,
Rio Wall_544,"Rio Wall","O morro como Torre de Babel e o muro que divide realidades, do esplendor da Natureza aos perigos da força guerreira terra-cota, passando por Roger Waters e Salvador Dali, sob as bênçãos de esperança da Sadako e seus Tsurus.",https://hvfartes.com.br/wp-content/uploads/2018/08/image48.png,https://hvfartes.com.br/produto/rio-wall/,"Telas - Pinturas - Gravuras","HVF Artes",4670BRL,in stock,Rio Wall_544,https://hvfartes.com.br/carrinho/?add-to-cart=544,"https://hvfartes.com.br/wp-content/uploads/2018/08/20180503_170657.jpg,https://hvfartes.com.br/wp-content/uploads/2018/08/20180503_170603.jpg,https://hvfartes.com.br/wp-content/uploads/2018/08/Arte_Terapia_Henrique_Vieira_Filho_37.jpg",1970-01-29T00:00+00:00/1970-01-30T23:59+00:00,4670BRL,new,published,,
The Wall_542,"The Wall","O Artista homenageia Roger Waters (Pink Floyd), retratado como o rosto que horroriza e de braços abertos na explosão de cores prismáticas que nos liberta do muro de nossos traumas.",https://hvfartes.com.br/wp-content/uploads/2018/08/The-Wall.jpg,https://hvfartes.com.br/produto/the-wall/,"Telas - Pinturas - Gravuras","HVF Artes",4670BRL,in stock,The Wall_542,https://hvfartes.com.br/carrinho/?add-to-cart=542,,1970-01-29T00:00+00:00/1970-01-30T23:59+00:00,4670BRL,new,published,,
Thousand Tsurus_1710,"Thousand Tsurus","Exatos mil tsurus ornamentam o empoderamento feminino oriental, homenageando a clássica pose da “Estátua Da Paz”, de Nagasaki, meditando e zelando pela paz.",https://hvfartes.com.br/wp-content/uploads/2018/08/image18.jpg,https://hvfartes.com.br/produto/thousand-tsurus-2/,"Artistas Contemporâneos, Henrique Vieira Filho, Telas - Pinturas - Gravuras","HVF Artes",4670BRL,in stock,Thousand Tsurus_1710,https://hvfartes.com.br/carrinho/?add-to-cart=1710,,1970-01-29T00:00+00:00/1970-01-30T23:59+00:00,4670BRL,new,published,,
Thousand Tsurus_540,"1000 Tsurus","Exatos mil tsurus ornamentam o empoderamento feminino oriental, homenageando a clássica pose da “Estátua Da Paz”, de Nagasaki, meditando e zelando pela paz.",https://hvfartes.com.br/wp-content/uploads/2018/08/image18.jpg,https://hvfartes.com.br/produto/thousand-tsurus/,"Telas - Pinturas - Gravuras","HVF Artes",4670BRL,in stock,Thousand Tsurus_540,https://hvfartes.com.br/carrinho/?add-to-cart=540,,1970-01-29T00:00+00:00/1970-01-30T23:59+00:00,4670BRL,new,published,,
Sadako_538,"Sadako","Esta obra homenageia o espírito da pequena Sadako Sasaki, que buscou a paz nas asas de mil origamis tsurus e que aqui se encontra sob chuva de flores de laranjeira, elevada ao Monte Fuji, em pose que remete ao icônico “Monumento das Crianças à Paz” (Torre dos Tsurus), em Hiroshima.",https://hvfartes.com.br/wp-content/uploads/2018/08/image16.jpg,https://hvfartes.com.br/produto/sadako/,"Telas - Pinturas - Gravuras","HVF Artes",4670BRL,in stock,Sadako_538,https://hvfartes.com.br/carrinho/?add-to-cart=538,,1970-01-29T00:00+00:00/1970-01-30T23:59+00:00,4670BRL,new,published,,
Wings of Wishes_536,"Wings of Wishes","O Universo pede mil tsurus origamis em troca de cada desejo, que nesta obra, voa pelos céus transbordando paz e esperança.",https://hvfartes.com.br/wp-content/uploads/2018/08/image19.jpg,https://hvfartes.com.br/produto/wings-of-wishes/,"Telas - Pinturas - Gravuras","HVF Artes",4670BRL,in stock,Wings of Wishes_536,https://hvfartes.com.br/carrinho/?add-to-cart=536,"https://hvfartes.com.br/wp-content/uploads/2018/08/Mil-Tsurus-21.jpg,https://hvfartes.com.br/wp-content/uploads/2018/08/Slow_Art_Week_Artista_e_Psicanalista_Henrique_Vieira_Filho_-17.jpg,https://hvfartes.com.br/wp-content/uploads/2018/08/Slow_Art_Week_Artista_e_Psicanalista_Henrique_Vieira_Filho_-22-1.jpg",1970-01-29T00:00+00:00/1970-01-30T23:59+00:00,4670BRL,new,published,,
Tsuru Constellation_534,"Tsuru Constellation","Mil tsurus, um desejo... 
Cada desejo, uma nova estrela nesta Constelação.",https://hvfartes.com.br/wp-content/uploads/2018/08/image22.jpg,https://hvfartes.com.br/produto/tsuru-constellation/,"Telas - Pinturas - Gravuras","HVF Artes",4670BRL,in stock,Tsuru Constellation_534,https://hvfartes.com.br/carrinho/?add-to-cart=534,"https://hvfartes.com.br/wp-content/uploads/2018/08/Slow-Art-Week-Brazil-Artista-e-Psicanalista-Henrique-Vieira-Filho-72.jpg",1970-01-29T00:00+00:00/1970-01-30T23:59+00:00,4670BRL,new,published,,
Wings of Peace_532,"Wings Of Peace","Esta obra honra os desejos da pequena Sadako: 
_ “Eu escreverei paz em suas asas e você voará o mundo inteiro”. 
_ “Este é o nosso Grito. Esta é a nossa oração: Paz no Mundo”.",https://hvfartes.com.br/wp-content/uploads/2018/08/image21.jpg,https://hvfartes.com.br/produto/wings-of-peace/,"Telas - Pinturas - Gravuras","HVF Artes",4670BRL,in stock,Wings of Peace_532,https://hvfartes.com.br/carrinho/?add-to-cart=532,,1970-01-29T00:00+00:00/1970-01-30T23:59+00:00,4670BRL,new,published,,
Hope_529,"Hope","Esta obra homenageia a “Estátua Da Paz”, no Parque da Paz, de Nagasaki, onde o colosso do escultor Seibou Kitamura medita e vigia quanto à ameaça nuclear, ao mesmo tempo em que acena com a esperança.",https://hvfartes.com.br/wp-content/uploads/2018/08/image20.jpg,https://hvfartes.com.br/produto/hope/,"Telas - Pinturas - Gravuras","HVF Artes",4670BRL,in stock,Hope_529,https://hvfartes.com.br/carrinho/?add-to-cart=529,,1970-01-29T00:00+00:00/1970-01-30T23:59+00:00,4670BRL,new,published,,
I Wish_527,"I Wish","Eis que o pedido chega ao rei dos Tsurus, em uma idílica cena onde esperança encontra o desejo.",https://hvfartes.com.br/wp-content/uploads/2018/08/image24.jpg,https://hvfartes.com.br/produto/i-wish/,"Telas - Pinturas - Gravuras","HVF Artes",4670BRL,in stock,I Wish_527,https://hvfartes.com.br/carrinho/?add-to-cart=527,,1970-01-29T00:00+00:00/1970-01-30T23:59+00:00,4670BRL,new,published,,
Sweeping Harpy_525,"Sweeping Harpy","Ora linda, ora terrível, o poder feminino alado, guerreiras dos deuses e que a tudo arrebatam.",https://hvfartes.com.br/wp-content/uploads/2018/08/image28.jpg,https://hvfartes.com.br/produto/sweeping-harpy/,"Telas - Pinturas - Gravuras, Série Mitologia","HVF Artes",4670BRL,in stock,Sweeping Harpy_525,https://hvfartes.com.br/carrinho/?add-to-cart=525,,1970-01-29T00:00+00:00/1970-01-30T23:59+00:00,4670BRL,new,published,,
Decipher Me_523,"Decipher Me","Alada, felina e humana, o fascínio da esfinge em toda a sua sedução e poder.",https://hvfartes.com.br/wp-content/uploads/2018/08/image10.jpg,https://hvfartes.com.br/produto/decipher-me/,"Telas - Pinturas - Gravuras, Série Mitologia","HVF Artes",4670BRL,in stock,Decipher Me_523,https://hvfartes.com.br/carrinho/?add-to-cart=523,,1970-01-29T00:00+00:00/1970-01-30T23:59+00:00,4670BRL,new,published,,
Angel of Death_521,"Angel of Death","A Morte, ápice da vida, com suas belas asas a conduzir o renascimento.",https://hvfartes.com.br/wp-content/uploads/2018/08/image32.jpg,https://hvfartes.com.br/produto/angel-of-death/,"Telas - Pinturas - Gravuras, Série Mitologia","HVF Artes",4670BRL,in stock,Angel of Death_521,https://hvfartes.com.br/carrinho/?add-to-cart=521,,1970-01-29T00:00+00:00/1970-01-30T23:59+00:00,4670BRL,new,published,,
Brazilian Dragon_519,"Brazilian Dragon","Da Mitologia Tupi-Guarani, Boiarara é a poderosa cobra alada, do elemento fogo, equivalente brasileiro aos dragões e a Quetzalcóatl, dos Astecas.",https://hvfartes.com.br/wp-content/uploads/2018/08/image33.jpg,https://hvfartes.com.br/produto/brazilian-dragon/,"Telas - Pinturas - Gravuras, Série Mitologia","HVF Artes",4670BRL,in stock,Brazilian Dragon_519,https://hvfartes.com.br/carrinho/?add-to-cart=519,,1970-01-29T00:00+00:00/1970-01-30T23:59+00:00,4670BRL,new,published,,
Mermaid Firtha_516,"Mermaid Firtha","Inspirada nas lendas escocesas, esta sereia é a poderosa e feroz defensora dos oceanos.",https://hvfartes.com.br/wp-content/uploads/2018/08/image40.jpg,https://hvfartes.com.br/produto/mermaid-firtha/,"Telas - Pinturas - Gravuras, Série Mitologia","HVF Artes",4670BRL,in stock,Mermaid Firtha_516,https://hvfartes.com.br/carrinho/?add-to-cart=516,,1970-01-29T00:00+00:00/1970-01-30T23:59+00:00,4670BRL,new,published,,
Mermaid Ningyo_514,"Mermaid Ningyo","O folclore japonês, com suas lendas sobre figuras aquáticas mágicas, capazes de propiciar imortalidade, foi a base da criação de mais esta magnífica sereia de traços orientais.",https://hvfartes.com.br/wp-content/uploads/2018/08/image41.jpg,https://hvfartes.com.br/produto/mermaid-ningyo/,"Telas - Pinturas - Gravuras","HVF Artes",4670BRL,in stock,Mermaid Ningyo_514,https://hvfartes.com.br/carrinho/?add-to-cart=514,"https://hvfartes.com.br/wp-content/uploads/2018/08/Slow_Art_Week_Brazil_Artista_Henrique_Vieira_Filho-4.jpg",1970-01-29T00:00+00:00/1970-01-30T23:59+00:00,4670BRL,new,published,,
Shih - Crowd_509,"Shih - Crowd","A Água debaixo da Terra pode nutrir ou eclodir em gêiseres ferventes, dependendo de como liberar a pressão. 
A liderança é que define se a multidão se transforma em exército ou comunidade. 
Esta obra é parte da Série “I Ching”, que traduz em imagens arquetípicas o significado de cada um dos 64 hexagramas do milenar livro de sabedoria chinesa. 
Seja pela Arte em si, seja como decoração ou investimento, esta obra, elaborada nos mais rigorosos requisitos Fine Art, é uma das dezessete originais com Certificado de Autenticidade, assinado pelo Artista, Henrique Vieira Filho, e registrado junto à Hanhemuehle, que possui a credibilidade de quem atua no mercado da Arte deste 1584.",https://hvfartes.com.br/wp-content/uploads/2018/08/image47.jpg,https://hvfartes.com.br/produto/shih-crowd/,"Série I Ching, Telas - Pinturas - Gravuras","HVF Artes",3590BRL,in stock,Shih - Crowd_509,https://hvfartes.com.br/carrinho/?add-to-cart=509,,1970-01-29T00:00+00:00/1970-01-30T23:59+00:00,3590BRL,new,published,,
Colossus OF New York_505,"Colossus of New York","Nesta obra, o Artista Henrique Vieira Filho homenageia New York, pintando seus edifícios icônicos em um paralelo entre a Estátua da Liberdade e o Colosso de Rodes, inspirado na gravura de Maarten van Heemskerck, de 1570.",https://hvfartes.com.br/wp-content/uploads/2018/08/Colossus_Of_New_York_Henrique_Vieira_Filho_divulgacao_versao_300dpi_120x80cm.jpg,https://hvfartes.com.br/produto/colossus-of-new-york/,"Telas - Pinturas - Gravuras","HVF Artes",4670BRL,in stock,Colossus OF New York_505,https://hvfartes.com.br/carrinho/?add-to-cart=505,"https://hvfartes.com.br/wp-content/uploads/2018/08/Artista_Henrique_Vieira_Filho_Tela_Colossus_Of_New_York_versao_web.jpg,https://hvfartes.com.br/wp-content/uploads/2018/08/Art_Works_Henrique_Vieira_Filho_New_York-4.jpg,https://hvfartes.com.br/wp-content/uploads/2018/08/Art_Works_Henrique_Vieira_Filho_New_York-8.jpg",1970-01-29T00:00+00:00/1970-01-30T23:59+00:00,4670BRL,new,published,,
Vinil Eletrostático_1711,"Vinil Eletrostático - Adesivo Sem Cola!","Impressão com qualidade fotográfica em vinil transparente que fixa SEM cola!



A fixação se dá por estática em vidro ou metais pintados, além de outras superfícies planas.


Reaproveitável! Pode ser colado e retirado sem dificuldades, tanto para se livrar de eventuais 'bolhas', quanto para reaproveitamento futuro!

Para uma maior fixação é aconselhável que o filme ou a superfície de aplicação seja levemente umedecida com um spray de água.",https://placeholdit.imgix.net/~text?txtsize=33&name=Vinil%20Eletrost%C3%A1tico%20-%20Adesivo%20Sem%20Cola%21&w=530&h=530,https://hvfartes.com.br/produto/vinil-eletrostatico-adesivo-sem-cola/,"Para Artistas, Decoração e Personalização","HVF Artes",170BRL,in stock,Vinil Eletrostático_1711,https://hvfartes.com.br/carrinho/?add-to-cart=1711,,1970-01-29T00:00+00:00/1970-01-30T23:59+00:00,170BRL,new,published,,
adesivo-para-teto-em-tecido_701,"Teto - Tecido Autocolante Personalizado - Qualidade Fotográfica","Exclusivo - Tecido ADESIVO em algodão com impressão PERSONALIZADA!

Qualidade Fotográfica

Pode escolher entre nossas Artes ou personalizar, enviando seu arquivo.

Valor por m2 impresso: R$ 260,00

Largura do rolo: 1,5 metros (mínimo)

Comprimento: de 1 m a 30 metros

Metragem mínima para compra: 2m²",https://placeholdit.imgix.net/~text?txtsize=33&name=Teto%20-%20Tecido%20Autocolante%20Personalizado%20-%20Qualidade%20Fotogr%C3%A1fica&w=530&h=530,https://hvfartes.com.br/produto/teto-tecido-autocolante-personalizado-qualidade-fotografica-2/,"Para Artistas, Decoração e Personalização","HVF Artes",260BRL,in stock,adesivo-para-teto-em-tecido_701,https://hvfartes.com.br/carrinho/?add-to-cart=701,,1970-01-29T00:00+00:00/1970-01-30T23:59+00:00,260BRL,new,published,,
Lampada Led_700,"Lâmpada Led Bulbo Pera 7w Bivolt - luz branca","Lâmpada Led Bulbo Pera 7w Bivolt - luz branca - ideal para o Cavalete Expositor de Telas - desmontável, leve, feito de alumínio, com saída para iluminação

Ilumina praticamente tanto quanto uma lâmpada incandescente de 70w, com a vantagem de consumir muito menos e durar bem mais.

Observação: na eventualidade de falta da versão 7w, enviaremos a de 9w, sem custo adicional.",https://placeholdit.imgix.net/~text?txtsize=33&name=L%C3%A2mpada%20Led%20Bulbo%20Pera%207w%20Bivolt%20-%20luz%20branca&w=530&h=530,https://hvfartes.com.br/produto/lampada-led-bulbo-pera-7w-bivolt-luz-branca-2/,"Para Artistas, Decoração e Personalização","HVF Artes",15BRL,in stock,Lampada Led_700,https://hvfartes.com.br/carrinho/?add-to-cart=700,,1970-01-29T00:00+00:00/1970-01-30T23:59+00:00,15BRL,new,published,,
cavalete_1707,"Cavalete Expositor Em Alumínio Com Iluminação","Cavalete Expositor de Telas - desmontável, leve, feito de alumínio, com saída para iluminação

Com altura regulável de até 1,70 m de altura, por 1,20 m de largura (quando aberto), comporta telas na parte superior e inferior (ou 01 tela grande ou 02 duas de tamanho médio).

Comprimento fechado, 1,20 m x 0,20 m

Acompanha coluna central superior sobressalente, para eventualmente ser usado sem colocação da luminária.

A luminária pode ser usada em voltagem de 110v ou 220 volts - recomendamos lâmpadas LED bi-volt (não inclusa)

Opção de usar o cavalete, com ou sem luminária.",https://placeholdit.imgix.net/~text?txtsize=33&name=Cavalete%20Expositor%20Em%20Alum%C3%ADnio%20Com%20Ilumina%C3%A7%C3%A3o&w=530&h=530,https://hvfartes.com.br/produto/cavalete-expositor-em-aluminio-com-iluminacao/,"Art Experience","HVF Artes",260BRL,in stock,cavalete_1707,https://hvfartes.com.br/carrinho/?add-to-cart=1707,,1970-01-29T00:00+00:00/1970-01-30T23:59+00:00,260BRL,new,published,,
Mermaid Kianda_397,"Mermaid Kianda","Inspirada na mitologia angolana, esta sereia favorecia com riquezas e, caso o beneficiado agisse com avareza, seria condenado à eternidade no fundo do oceano.",https://hvfartes.com.br/wp-content/uploads/2017/02/Amanda_Sereia_800x1200px_web.jpg,https://hvfartes.com.br/produto/mermaid-kianda/,"Telas - Pinturas - Gravuras, Série Mitologia","HVF Artes",4670BRL,in stock,Mermaid Kianda_397,https://hvfartes.com.br/carrinho/?add-to-cart=397,"https://hvfartes.com.br/wp-content/uploads/2017/02/Sereia_Kianda_Tripe_Henrique_Vieira_Filho_pose_web.jpg,https://hvfartes.com.br/wp-content/uploads/2017/02/Sereia_Kianda_Tripe_Henrique_Vieira_Filho_web.jpg,https://hvfartes.com.br/wp-content/uploads/2017/02/Slow_Art_Week_Brazil_Artista_Henrique_Vieira_Filho-37_versao_web.jpg",1970-01-29T00:00+00:00/1970-01-30T23:59+00:00,4670BRL,new,published,,
Synesthesia_396,"Synesthesia","Ao invés dos super-seres das tradições milenares, este quadro inova seu repertório ao retratar um “super-poder” moderno: a sinestesia, que é o cruzamento de sensações diferentes: ouça as cores, cheire os sons, veja os aromas, sinta na pele cada imagem!",https://hvfartes.com.br/wp-content/uploads/2017/02/Sinestesia_quadro_1164x800px_web.jpg,https://hvfartes.com.br/produto/synesthesia/,"Telas - Pinturas - Gravuras","HVF Artes",4670BRL,in stock,Synesthesia_396,https://hvfartes.com.br/carrinho/?add-to-cart=396,"https://hvfartes.com.br/wp-content/uploads/2017/02/Slow-Art-Day-2018-Artista-e-Psicanalista-Henrique-Vieira-Filho-8-1.jpg,https://hvfartes.com.br/wp-content/uploads/2018/08/Afrodite_Henrique_Vieira_Filho_Selo_Autenticacao_Holografico.jpg",1970-01-29T00:00+00:00/1970-01-30T23:59+00:00,4670BRL,new,published,,
Mermaid Himeropa_395,"Mermaid Himeropa","Inspirada na mitologia grega-romana, esta sereia encantava com a mais doce das vozes e ainda era tida como uma entidade benéfica aos viajantes. 
 
[youtube https://www.youtube.com/watch?v=pa9ZTwsFEbU?ecver=1]",https://hvfartes.com.br/wp-content/uploads/2017/02/Mermaid_Himeropa_800x1200.jpg,https://hvfartes.com.br/produto/mermaid-himeropa/,"Telas - Pinturas - Gravuras, Série Mitologia","HVF Artes",4670BRL,in stock,Mermaid Himeropa_395,https://hvfartes.com.br/carrinho/?add-to-cart=395,"https://hvfartes.com.br/wp-content/uploads/2017/02/Instagram_Sereia_Tripe_Henrique_Vieira_Filho.jpg,https://hvfartes.com.br/wp-content/uploads/2017/02/Instagram_Sereia_Parede_Henrique_Vieira_Filho.jpg,https://hvfartes.com.br/wp-content/uploads/2017/02/Instagram_Sereia_Tripe.jpg",1970-01-29T00:00+00:00/1970-01-30T23:59+00:00,4670BRL,new,published,,
African Gioconda_394,"African Gioconda","A homenagem à beleza da etnia afro estampada tanto nesta moderna Mona Lisa, quanto nos grafismos, inspirados nos tecidos artesanais africanos.",https://hvfartes.com.br/wp-content/uploads/2017/02/image26.jpg,https://hvfartes.com.br/produto/african-gioconda/,"Telas - Pinturas - Gravuras, Série Giocondas","HVF Artes",4670BRL,in stock,African Gioconda_394,https://hvfartes.com.br/carrinho/?add-to-cart=394,,1970-01-29T00:00+00:00/1970-01-30T23:59+00:00,4670BRL,new,published,,
Egyptian Gioconda_393,"Egyptian Gioconda","O mistério da feminilidade e mitologia egípcias, com as cores do escaravelho e as texturas das milenares construções faraônicas.",https://hvfartes.com.br/wp-content/uploads/2017/02/image31.jpg,https://hvfartes.com.br/produto/egyptian-gioconda/,"Telas - Pinturas - Gravuras, Série Giocondas","HVF Artes",4670BRL,in stock,Egyptian Gioconda_393,https://hvfartes.com.br/carrinho/?add-to-cart=393,,1970-01-29T00:00+00:00/1970-01-30T23:59+00:00,4670BRL,new,published,,
Art Experience_392,"Art Experience","Art Experience - Porque você merece! 
 
Hoje em dia, mais do que apenas TER obras de Arte, as pessoas querem viver a EXPERIÊNCIA completa da criação. 
 
Torne-se ARTE, transmute-se em SUA obra-prima! 
 
 
Momentos marcantes merecem ser eternizados em uma obra exclusiva, criada pelo Artista Plástico Henrique Vieira Filho especialmente para você e COM você! 
 
Psicanalista experiente, Henrique Vieira Filho lhe ouvirá com atenção absoluta, para que a obra seja o espelho do que há de melhor e mais profundo em você, em uma pintura lindamente combinada com suas cores e texturas preferidas, seus gostos pessoais, sua filosofia de vida, seu momento especial! 
 
Aniversário, casamento, divórcio, debutar, superação de uma doença, o início de uma nova etapa ou simplesmente porque você pode e merece, a Hvfartes lhe oferece um mergulho no universo criativo, onde você é o tema, a tela e co-artista. 
 
Uma experiência inesquecível que resulta em um belíssimo quadro que lhe despertará grandes emoções sempre que admirar a pintura.",https://hvfartes.com.br/wp-content/uploads/2017/02/image54.jpg,https://hvfartes.com.br/produto/art-experience/,"Art Experience","HVF Artes",8000BRL,in stock,Art Experience_392,https://hvfartes.com.br/carrinho/?add-to-cart=392,"https://hvfartes.com.br/wp-content/uploads/2017/02/image55.jpg,https://hvfartes.com.br/wp-content/uploads/2017/02/image56.jpg,https://hvfartes.com.br/wp-content/uploads/2017/02/image58.jpg,https://hvfartes.com.br/wp-content/uploads/2017/02/image59.jpg,https://hvfartes.com.br/wp-content/uploads/2017/02/image60.jpg",1970-01-29T00:00+00:00/1970-01-30T23:59+00:00,8000BRL,new,published,,
darkangel_391,"D'Arkangel","Toda cultura milenar conta em suas tradições com os implacáveis e poderosos guerreiros divinos. 
Este Arcanjo age em toda uma constelação, cumprindo a vontade dos deuses.",https://hvfartes.com.br/wp-content/uploads/2016/11/888-Darkangel.jpg,https://hvfartes.com.br/produto/d-arkangel/,"Telas - Pinturas - Gravuras, Série Mitologia","HVF Artes",4670BRL,in stock,darkangel_391,https://hvfartes.com.br/carrinho/?add-to-cart=391,"https://hvfartes.com.br/wp-content/uploads/2016/11/886-Darkangel.jpg,https://hvfartes.com.br/wp-content/uploads/2016/11/887-Darkangel.jpg,https://hvfartes.com.br/wp-content/uploads/2016/11/IMG_5345.jpg",1970-01-29T00:00+00:00/1970-01-30T23:59+00:00,4670BRL,new,published,,
Katrina_1709,"Katrina Gioconda","A mitologia latina da “Muerte” agregada ao fascínio do calendário Maia adornam a bela figura feminina, em contraste à modernidade da cadeira em que se apoia.",https://hvfartes.com.br/wp-content/uploads/2016/11/883-Katrina-Gioconda.jpg,https://hvfartes.com.br/produto/katrina-3/,"Telas - Pinturas - Gravuras, Série Giocondas","HVF Artes",4670BRL,in stock,Katrina_1709,https://hvfartes.com.br/carrinho/?add-to-cart=1709,"https://hvfartes.com.br/wp-content/uploads/2016/11/884-Katrina-Gioconda.jpg",1970-01-29T00:00+00:00/1970-01-30T23:59+00:00,4670BRL,new,published,,
Katrina_1706,"Katrina Gioconda","A mitologia latina da “Muerte” agregada ao fascínio do calendário Maia adornam a bela figura feminina, em contraste à modernidade da cadeira em que se apoia.",https://hvfartes.com.br/wp-content/uploads/2016/11/883-Katrina-Gioconda.jpg,https://hvfartes.com.br/produto/katrina-2/,"Artistas Contemporâneos, Henrique Vieira Filho, Telas - Pinturas - Gravuras, Série Giocondas","HVF Artes",4670BRL,in stock,Katrina_1706,https://hvfartes.com.br/carrinho/?add-to-cart=1706,"https://hvfartes.com.br/wp-content/uploads/2016/11/884-Katrina-Gioconda.jpg",1970-01-29T00:00+00:00/1970-01-30T23:59+00:00,4670BRL,new,published,,
Katrina_1670,"Katrina Gioconda","A mitologia latina da “Muerte” agregada ao fascínio do calendário Maia adornam a bela figura feminina, em contraste à modernidade da cadeira em que se apoia.",https://hvfartes.com.br/wp-content/uploads/2016/11/883-Katrina-Gioconda.jpg,https://hvfartes.com.br/produto/katrina-2-2/,"Telas - Pinturas - Gravuras, Série Giocondas","HVF Artes",4670BRL,in stock,Katrina_1670,https://hvfartes.com.br/carrinho/?add-to-cart=1670,"https://hvfartes.com.br/wp-content/uploads/2016/11/884-Katrina-Gioconda.jpg",1970-01-29T00:00+00:00/1970-01-30T23:59+00:00,4670BRL,new,published,,
Katrina_387,"Katrina Gioconda","A mitologia latina da “Muerte” agregada ao fascínio do calendário Maia adornam a bela figura feminina, em contraste à modernidade da cadeira em que se apoia.",https://hvfartes.com.br/wp-content/uploads/2016/11/883-Katrina-Gioconda.jpg,https://hvfartes.com.br/produto/katrina/,"Telas - Pinturas - Gravuras, Série Giocondas","HVF Artes",4670BRL,in stock,Katrina_387,https://hvfartes.com.br/carrinho/?add-to-cart=387,"https://hvfartes.com.br/wp-content/uploads/2016/11/884-Katrina-Gioconda.jpg",1970-01-29T00:00+00:00/1970-01-30T23:59+00:00,4670BRL,new,published,,
Afro_Celtica_Arabe_384,"African Celtic","Grafismos célticos projetados sobre a pele e ao fundo. 
Esta Fotografia é parte da Série 'Diversidade', que homenageia o feminino, em todas a sua diversidade étnica e cultural. 
Seja pela Arte em si, seja como decoração ou investimento, esta obra, elaborada nos mais rigorosos requisitos Fine Art, é uma das oitenta originais com Certificado de Autenticidade, assinado pelo Artista, Henrique Vieira Filho, e registrado junto à Hanhemuehle, que possui a credibilidade de quem atua no mercado da Arte deste 1584.",https://hvfartes.com.br/wp-content/uploads/2016/08/851-Afro-Celtica-Arabe.jpg,https://hvfartes.com.br/produto/african-celtic/,"Coleção Diversidade, Fotografia Fine Art","HVF Artes",530BRL,in stock,Afro_Celtica_Arabe_384,https://hvfartes.com.br/carrinho/?add-to-cart=384,"https://hvfartes.com.br/wp-content/uploads/2016/08/Arte_Terapia_Henrique_Vieira_Filho_70.jpg,https://hvfartes.com.br/wp-content/uploads/2016/08/Arte_Terapia_Henrique_Vieira_Filho_1.jpg,https://hvfartes.com.br/wp-content/uploads/2016/08/Arte_Terapia_Henrique_Vieira_Filho_56.jpg",1970-01-29T00:00+00:00/1970-01-30T23:59+00:00,530BRL,new,published,,
African_Chinese_382,"African Chinese","O contraste cultural do biotipo afrodescendente em contraponto às projeções de símbolos orientais (Yin e Yang). 
Esta Fotografia é parte da Série 'Diversidade', que homenageia o feminino, em todas a sua diversidade étnica e cultural. 
As imagens incorporam diferentes biotipos, sobre os quais se aplicaram grafismos tribais célticos, orientais urbanos, via projeções luminosas e, eventualmente, na edição. 
Seja pela Arte em si, seja como decoração ou investimento, esta obra, elaborada nos mais rigorosos requisitos Fine Art, é uma das oitenta originais com Certificado de Autenticidade, assinado pelo Artista, Henrique Vieira Filho, e registrado junto à Hanhemuehle, que possui a credibilidade de quem atua no mercado da Arte deste 1584.",https://hvfartes.com.br/wp-content/uploads/2016/08/850-Afro-Yin-Yang.jpg,https://hvfartes.com.br/produto/african-chinese/,"Coleção Diversidade, Fotografia Fine Art","HVF Artes",530BRL,in stock,African_Chinese_382,https://hvfartes.com.br/carrinho/?add-to-cart=382,,1970-01-29T00:00+00:00/1970-01-30T23:59+00:00,530BRL,new,published,,
Indigenous_Nordic_380,"Indigenous Nordic","A pele alva européia empoderada com grafismos tribais dos indígenas marajoaras brasileiros. 
Esta Fotografia é parte da Coleção 'Diversidade', que homenageia o feminino, em todas a sua diversidade étnica e cultural. 
As imagens incorporam diferentes biotipos, sobre os quais se aplicaram grafismos tribais célticos, orientais urbanos, via projeções luminosas e, eventualmente, na edição.",https://hvfartes.com.br/wp-content/uploads/2016/08/844-Nordica-Marajoara.jpg,https://hvfartes.com.br/produto/nordica-marajoara/,"Coleção Diversidade, Fotografia Fine Art","HVF Artes",530BRL,in stock,Indigenous_Nordic_380,https://hvfartes.com.br/carrinho/?add-to-cart=380,"https://hvfartes.com.br/wp-content/uploads/2016/08/845-Nordica-Marajoara.jpg",1970-01-29T00:00+00:00/1970-01-30T23:59+00:00,530BRL,new,published,,
African_Marajoara_377,"African Marajoara","Grafismos de padrões indígenas marajoaras projetados sobre a pele e pintura corporal tribal africana. 
Esta Fotografia é parte da Série 'Diversidade', que homenageia o feminino, em todas a sua diversidade étnica e cultural. 
As imagens incorporam diferentes biotipos, sobre os quais se aplicaram grafismos tribais célticos, orientais urbanos, via projeções luminosas e, eventualmente, na edição. 
Seja pela Arte em si, seja como decoração ou investimento, esta obra, elaborada nos mais rigorosos requisitos Fine Art, é uma das oitenta originais com Certificado de Autenticidade, assinado pelo Artista, Henrique Vieira Filho, e registrado junto à Hanhemuehle, que possui a credibilidade de quem atua no mercado da Arte deste 1584.",https://hvfartes.com.br/wp-content/uploads/2016/08/840-Tribal-Africano.jpg,https://hvfartes.com.br/produto/african-marajoara/,"Coleção Diversidade, Fotografia Fine Art","HVF Artes",530BRL,in stock,African_Marajoara_377,https://hvfartes.com.br/carrinho/?add-to-cart=377,"https://hvfartes.com.br/wp-content/uploads/2016/08/841-Tribal-Africano.jpg,https://hvfartes.com.br/wp-content/uploads/2016/08/842-Tribal-Africano.jpg,https://hvfartes.com.br/wp-content/uploads/2016/08/843-Tribal-Africano.jpg",1970-01-29T00:00+00:00/1970-01-30T23:59+00:00,530BRL,new,published,,
India_Oriental_372,"Indigenous Chinese","O contraste cultural do biotipo  indígena brasileiro em contraponto às projeções de ideogramas  e símbolos orientais. 
Esta Fotografia é parte da Série 'Diversidade', que homenageia o feminino, em todas a sua diversidade étnica e cultural. 
As imagens incorporam diferentes biotipos, sobre os quais se aplicaram grafismos tribais célticos, orientais urbanos, via projeções luminosas e, eventualmente, na edição. 
Seja pela Arte em si, seja como decoração ou investimento, esta obra, elaborada nos mais rigorosos requisitos Fine Art, é uma das oitenta originais com Certificado de Autenticidade, assinado pelo Artista, Henrique Vieira Filho, e registrado junto à Hanhemuehle, que possui a credibilidade de quem atua no mercado da Arte deste 1584.",https://hvfartes.com.br/wp-content/uploads/2016/08/838-India-Oriental.jpg,https://hvfartes.com.br/produto/india-oriental/,"Coleção Diversidade, Fotografia Fine Art","HVF Artes",530BRL,in stock,India_Oriental_372,https://hvfartes.com.br/carrinho/?add-to-cart=372,"https://hvfartes.com.br/wp-content/uploads/2016/08/839-India-Oriental.jpg",1970-01-29T00:00+00:00/1970-01-30T23:59+00:00,530BRL,new,published,,
India_Oriental_I_Ching_369,"Indigenous Chinese I Ching","O contraste cultural do biotipo indígena brasileiro em contraponto às projeções de hexagramas do I Ching. 
Esta Fotografia é parte da Série 'Diversidade', que homenageia o feminino, em todas a sua diversidade étnica e cultural. 
As imagens incorporam diferentes biotipos, sobre os quais se aplicaram grafismos tribais célticos, orientais urbanos, via projeções luminosas e, eventualmente, na edição. 
Seja pela Arte em si, seja como decoração ou investimento, esta obra, elaborada nos mais rigorosos requisitos Fine Art, é uma das oitenta originais com Certificado de Autenticidade, assinado pelo Artista, Henrique Vieira Filho, e registrado junto à Hanhemuehle, que possui a credibilidade de quem atua no mercado da Arte deste 1584.",https://hvfartes.com.br/wp-content/uploads/2016/08/836-India-Oriental-I-Ching.jpg,https://hvfartes.com.br/produto/indigenous-chinese-i-ching/,"Coleção Diversidade, Fotografia Fine Art","HVF Artes",530BRL,in stock,India_Oriental_I_Ching_369,https://hvfartes.com.br/carrinho/?add-to-cart=369,"https://hvfartes.com.br/wp-content/uploads/2016/08/837-India-Oriental-I-Ching.jpg",1970-01-29T00:00+00:00/1970-01-30T23:59+00:00,530BRL,new,published,,
Afro_Céltica_366,"African Celtic","Grafismos célticos projetados sobre a pele e ao fundo. 
Esta Fotografia é parte da Série 'Diversidade', que homenageia o feminino, em todas a sua diversidade étnica e cultural. 
As imagens incorporam diferentes biotipos, sobre os quais se aplicaram grafismos tribais célticos, orientais urbanos, via projeções luminosas e, eventualmente, na edição. 
Seja pela Arte em si, seja como decoração ou investimento, esta obra, elaborada nos mais rigorosos requisitos Fine Art, é uma das oitenta originais com Certificado de Autenticidade, assinado pelo Artista, Henrique Vieira Filho, e registrado junto à Hanhemuehle, que possui a credibilidade de quem atua no mercado da Arte deste 1584.",https://hvfartes.com.br/wp-content/uploads/2016/08/830-Afro-Celtica.jpg,https://hvfartes.com.br/produto/afro-celtica/,"Coleção Diversidade, Fotografia Fine Art","HVF Artes",530BRL,in stock,Afro_Céltica_366,https://hvfartes.com.br/carrinho/?add-to-cart=366,"https://hvfartes.com.br/wp-content/uploads/2016/08/831-Afro-Celtica.jpg,https://hvfartes.com.br/wp-content/uploads/2016/08/832-Afro-Celtica.jpg,https://hvfartes.com.br/wp-content/uploads/2016/08/833-Afro-Celtica.jpg,https://hvfartes.com.br/wp-content/uploads/2016/08/834-Afro-Celtica.jpg,https://hvfartes.com.br/wp-content/uploads/2016/08/835-Afro-Celtica.jpg",1970-01-29T00:00+00:00/1970-01-30T23:59+00:00,530BRL,new,published,,
African Chinese_359,"African Chinese","O contraste cultural do biotipo afrodescendente em contraponto às projeções do dragão oriental. 
Esta Fotografia é parte da Coleção 'Diversidade', que homenageia o feminino, em todas a sua diversidade étnica e cultural. 
As imagens incorporam diferentes biotipos, sobre os quais se aplicaram grafismos tribais célticos, orientais urbanos, via projeções luminosas e, eventualmente, na edição. 
Seja pela Arte em si, seja como decoração ou investimento, esta obra, elaborada nos mais rigorosos requisitos Fine Art, é uma das oitenta originais com Certificado de Autenticidade, assinado pelo Artista, Henrique Vieira Filho, e registrado junto à Hanhemuehle, que possui a credibilidade de quem atua no mercado da Arte deste 1584.",https://hvfartes.com.br/wp-content/uploads/2016/08/823-Afro-Oriental.jpg,https://hvfartes.com.br/produto/african-chinese-2/,"Coleção Diversidade, Fotografia Fine Art","HVF Artes",530BRL,in stock,African Chinese_359,https://hvfartes.com.br/carrinho/?add-to-cart=359,"https://hvfartes.com.br/wp-content/uploads/2016/08/824-Afro-Oriental.jpg",1970-01-29T00:00+00:00/1970-01-30T23:59+00:00,530BRL,new,published,,
I_Ching_Sung_356,"Sung - Conflict","“O céu e a água movimentam-se em sentido oposto: a imagem do CONFLITO.“ 
Enxergue beleza e justiça até diante do que mais lhe assombra. 
Esta obra é parte da Série 'I Ching', que traduz em imagens arquetípicas o significado de cada um dos 64 hexagramas do milenar livro de sabedoria chinesa. 
Seja pela Arte em si, seja como decoração ou investimento, esta obra, elaborada nos mais rigorosos requisitos Fine Art, é uma das dezessete originais com Certificado de Autenticidade, assinado pelo Artista, Henrique Vieira Filho, e registrado junto à Hanhemuehle, que possui a credibilidade de quem atua no mercado da Arte deste 1584.",https://hvfartes.com.br/wp-content/uploads/2016/08/821-Sung-Conflito.jpg,https://hvfartes.com.br/produto/sung-conflito/,"Série I Ching, Telas - Pinturas - Gravuras","HVF Artes",3590BRL,in stock,I_Ching_Sung_356,https://hvfartes.com.br/carrinho/?add-to-cart=356,"https://hvfartes.com.br/wp-content/uploads/2016/08/822-Sung-Conflito.jpg",1970-01-29T00:00+00:00/1970-01-30T23:59+00:00,3590BRL,new,published,,
I_Ching_Hsu_353,"Hsu - Waiting","A tempestade é parte do processo... Aquiete-se! Desfrute a luz e o calor da lareira... 
Alimente corpo/alma... Logo a jornada reiniciará! 
Esta obra é parte da Série 'I Ching', que traduz em imagens arquetípicas o significado de cada um dos 64 hexagramas do milenar livro de sabedoria chinesa. 
Seja pela Arte em si, seja como decoração ou investimento, esta obra, elaborada nos mais rigorosos requisitos Fine Art, é uma das dezessete originais com Certificado de Autenticidade, assinado pelo Artista, Henrique Vieira Filho, e registrado junto à Hanhemuehle, que possui a credibilidade de quem atua no mercado da Arte deste 1584.",https://hvfartes.com.br/wp-content/uploads/2016/08/819-Hsu-A-Espera.jpg,https://hvfartes.com.br/produto/hsu-waiting/,"Série I Ching, Telas - Pinturas - Gravuras","HVF Artes",3590BRL,in stock,I_Ching_Hsu_353,https://hvfartes.com.br/carrinho/?add-to-cart=353,"https://hvfartes.com.br/wp-content/uploads/2016/08/820-Hsu-A-Espera.jpg",1970-01-29T00:00+00:00/1970-01-30T23:59+00:00,3590BRL,new,published,,
I_Ching_Meng_350,"Meng - Youthful Folly","A água nasce aos pés da montanha, supera alturas e lava ardente, aprende a moldar-se aos mais diferenciados terrenos, até conquistar a serenidade. Assim é o Aprendizado. 
Esta obra é parte da Série 'I Ching', que traduz em imagens arquetípicas o significado de cada um dos 64 hexagramas do milenar livro de sabedoria chinesa. 
Seja pela Arte em si, seja como decoração ou investimento, esta obra, elaborada nos mais rigorosos requisitos Fine Art, é uma das dezessete originais com Certificado de Autenticidade, assinado pelo Artista, Henrique Vieira Filho, e registrado junto à Hanhemuehle, que possui a credibilidade de quem atua no mercado da Arte deste 1584.",https://hvfartes.com.br/wp-content/uploads/2016/08/816-Meng-A-Insensatez-Juvenil.jpg,https://hvfartes.com.br/produto/meng-a-insensatez-juvenil/,"Série I Ching, Telas - Pinturas - Gravuras","HVF Artes",3590BRL,in stock,I_Ching_Meng_350,https://hvfartes.com.br/carrinho/?add-to-cart=350,"https://hvfartes.com.br/wp-content/uploads/2016/08/817-Meng-A-Insensatez-Juvenil.jpg,https://hvfartes.com.br/wp-content/uploads/2016/08/818-Meng-A-Insensatez-Juvenil.jpg",1970-01-29T00:00+00:00/1970-01-30T23:59+00:00,3590BRL,new,published,,
I_Ching_Kun_346,"Kun - The Receptive","A Criatividade Yang interage com a capacidade Feminina Yin de materializar a Criação... 
Eis o ínicio de mais um ciclo da vida. 
Esta obra é parte da Série 'I Ching', que traduz em imagens arquetípicas o significado de cada um dos 64 hexagramas do milenar livro de sabedoria chinesa. 
Seja pela Arte em si, seja como decoração ou investimento, esta obra, elaborada nos mais rigorosos requisitos Fine Art, é uma das dezessete originais com Certificado de Autenticidade, assinado pelo Artista, Henrique Vieira Filho, e registrado junto à Hanhemuehle, que possui a credibilidade de quem atua no mercado da Arte deste 1584.",https://hvfartes.com.br/wp-content/uploads/2016/08/812-Kun-O-Receptivo.jpg,https://hvfartes.com.br/produto/kun-o-receptivo/,"Série I Ching, Telas - Pinturas - Gravuras","HVF Artes",3590BRL,in stock,I_Ching_Kun_346,https://hvfartes.com.br/carrinho/?add-to-cart=346,"https://hvfartes.com.br/wp-content/uploads/2016/08/813-Kun-O-Receptivo.jpg,https://hvfartes.com.br/wp-content/uploads/2016/08/814-Kun-O-Receptivo.jpg",1970-01-29T00:00+00:00/1970-01-30T23:59+00:00,3590BRL,new,published,,
Aphrodite_Indigenous_342,"Aphrodite Indigenous","Um Vênus Indígena, com grafismos das tribos marajoaras, sendo a representação da própria Mãe Natureza.",https://hvfartes.com.br/wp-content/uploads/2016/08/image29.jpg,https://hvfartes.com.br/produto/aphrodite-indigenous/,"Série Afrodites, Telas - Pinturas - Gravuras","HVF Artes",4670BRL,in stock,Aphrodite_Indigenous_342,https://hvfartes.com.br/carrinho/?add-to-cart=342,,1970-01-29T00:00+00:00/1970-01-30T23:59+00:00,4670BRL,new,published,,
diversidade_341,"Diversidade - Livro de Arte","A temática iniciou-se quando Henrique Vieira Filho fora convidado a integrar um capítulo, em preto e branco, do livro “Les Brésiliens Vus Par Les Brésiliens” (Os Brasileiros Vistos Pelos Brasileiros), com lançamento previsto para o Salão do Livro de Paris, em março de 2016. 
Esta obra se propõe a expandir o iniciado na França com a inclusão de imagens extras, inclusive, as coloridas. 
 
Neste projeto, o biotipo étnico de cada indivíduo, ainda que possa predominar em uma direção, jamais nega a miscigenação de nosso povo e nunca limitará sua visão de mundo. 
 
A orientação de vida de cada um transcende a própria tradição étnica ancestral. No Brasil, é comum caucasianos reverenciando o Candomblé, afrodescendentes praticantes de tai-chi-chuan, orientais atuando com xamanismo… 
 
Foram selecionadas modelos de representações étnicas distintas e de profissões diversas: são modelos fotográficas, publicitárias, assistentes sociais e cantoras, suas imagens não as identificam como tais, pois vestem apenas o contraste entre a luz e sombra. 
 
Os padrões gráficos foram baseados em tribais indígenas brasileiros, africanos, orientais, célticos e, até mesmo, modernos grafites urbanos, os quais foram projetados (literalmente, via projetor…) tendo a pele como tela. 
 
O propósito é ressaltar que a orientação filosófica de cada um segue os ditames do coração e que este não se prende a esteriótipos, transcendendo toda e qualquer expectativa corporalmente presumida.",https://hvfartes.com.br/wp-content/uploads/2016/08/image53.jpg,https://hvfartes.com.br/produto/diversidade-livro-de-arte/,"Literatura, Fotografia Fine Art","HVF Artes",170BRL,in stock,diversidade_341,https://hvfartes.com.br/carrinho/?add-to-cart=341,"https://hvfartes.com.br/wp-content/uploads/2016/08/20160819_151959-e1534792183544.jpg,https://hvfartes.com.br/wp-content/uploads/2016/08/20160819_151712-e1534792214502.jpg,https://hvfartes.com.br/wp-content/uploads/2016/08/20160819_151624-e1534792242269.jpg,https://hvfartes.com.br/wp-content/uploads/2016/08/ADSC_0127.jpg,https://hvfartes.com.br/wp-content/uploads/2016/08/ADSC_0124.jpg",1970-01-29T00:00+00:00/1970-01-30T23:59+00:00,170BRL,new,published,,
Phoenix_340,"Phoenix","O mito universal, do renascimento pelo fogo, ressurgindo das próprias cinzas!",https://hvfartes.com.br/wp-content/uploads/2016/08/image36.jpg,https://hvfartes.com.br/produto/phoenix/,"Telas - Pinturas - Gravuras, Série Mitologia","HVF Artes",4670BRL,in stock,Phoenix_340,https://hvfartes.com.br/carrinho/?add-to-cart=340,,1970-01-29T00:00+00:00/1970-01-30T23:59+00:00,4670BRL,new,published,,
kundalini_339,"Kundalini","A energia feminina, da vida, da libido, em uma espiral transcendente que conecta o indivíduo ao seu potencial cósmico.",https://hvfartes.com.br/wp-content/uploads/2016/08/image30.jpg,https://hvfartes.com.br/produto/kundalini/,"Telas - Pinturas - Gravuras, Série Mitologia","HVF Artes",4670BRL,in stock,kundalini_339,https://hvfartes.com.br/carrinho/?add-to-cart=339,"https://hvfartes.com.br/wp-content/uploads/2016/08/Arte_Terapia_Henrique_Vieira_Filho_98.jpg,https://hvfartes.com.br/wp-content/uploads/2016/08/Arte_Terapia_Henrique_Vieira_Filho_24.jpg",1970-01-29T00:00+00:00/1970-01-30T23:59+00:00,4670BRL,new,published,,
I Ching - Ch'ien_338,"Ch’ien - The Criative","Um dos símbolos máximos do Yang, o Dragão, que justamente por não existir, ele tudo pode... 
Assim sendo, sua imagem simboliza toda a energia pré- existente... a Criatividade como ideação que antecede à própria Criação... 
Esta obra é parte da Coleção 'I Ching', que traduz em imagens arquetípicas o significado de cada um dos 64 hexagramas da milenar sabedoria chinesa. 
Seja pela Arte em si, seja como decoração ou investimento, esta obra, elaborada nos mais rigorosos requisitos Fine Art, é uma das dezessete originais com Certificado de Autenticidade, assinado pelo Artista, Henrique Vieira Filho, e registrado junto à Hanhemuehle, que possui a credibilidade de quem atua no mercado da Arte deste 1584.",https://hvfartes.com.br/wp-content/uploads/2016/08/image42.jpg,https://hvfartes.com.br/produto/chien_the_criative/,"Série I Ching, Telas - Pinturas - Gravuras","HVF Artes",3590BRL,in stock,I Ching - Ch'ien_338,https://hvfartes.com.br/carrinho/?add-to-cart=338,"https://hvfartes.com.br/wp-content/uploads/2016/08/Artista_Psicanalista_Henrique_Vieira_Filho_E_Seu_Alter_Ego.jpg,https://hvfartes.com.br/wp-content/uploads/2016/07/771-MANSAO-HASBAYA.jpg,https://hvfartes.com.br/wp-content/uploads/2016/08/820-Hsu-A-Espera.jpg",1970-01-29T00:00+00:00/1970-01-30T23:59+00:00,3590BRL,new,published,,
African_Aphrodite_337,"African Aphrodite","O esplendor da afrodescendente, uma Vênus Orixá, integrada aos grafismos urbanos. 
Esta obra compõe a Série 'Afrodites', que homenageia o feminino, em todas a sua diversidade, tendo como elo de ligação, em cada pintura, a pose da deusa em “O Nascimento de Vênus”, de Sandro Botticelli. 
Seja pela Arte em si, seja como decoração ou investimento, esta obra, elaborada nos mais rigorosos requisitos Fine Art, é uma das dezessete originais com Certificado de Autenticidade, assinado pelo Artista, Henrique Vieira Filho, e registrado junto à Hanhemuehle, que possui a credibilidade de quem atua no mercado da Arte deste 1584.",https://hvfartes.com.br/wp-content/uploads/2017/02/image27-1.jpg,https://hvfartes.com.br/produto/afro-afrodite/,"Série Afrodites, Telas - Pinturas - Gravuras","HVF Artes",4670BRL,in stock,African_Aphrodite_337,https://hvfartes.com.br/carrinho/?add-to-cart=337,,1970-01-29T00:00+00:00/1970-01-30T23:59+00:00,4670BRL,new,published,,
Celtica_Tribal_Urbana_335,"Urban Tribal Celtic","O corpo humano tatuado por luz, onde grafismos das tradições célticas estão projetados na pele. 
Esta Fotografia é parte da Série 'Diversidade', que homenageia o feminino, em todas a sua diversidade étnica e cultural. 
As imagens incorporam diferentes biotipos, sobre os quais se aplicaram grafismos tribais célticos, orientais urbanos, via projeções luminosas e, eventualmente, na edição.",https://hvfartes.com.br/wp-content/uploads/2016/08/image64.png,https://hvfartes.com.br/produto/urban-tribal-celtic/,"Coleção Diversidade, Fotografia Fine Art","HVF Artes",530BRL,in stock,Celtica_Tribal_Urbana_335,https://hvfartes.com.br/carrinho/?add-to-cart=335,"https://hvfartes.com.br/wp-content/uploads/2016/08/Arte_Terapia_Henrique_Vieira_Filho_56.jpg,https://hvfartes.com.br/wp-content/uploads/2016/08/Arte_Terapia_Henrique_Vieira_Filho_1.jpg",1970-01-29T00:00+00:00/1970-01-30T23:59+00:00,530BRL,new,published,,
Afrodite_Urbana_334,"Urban Aphrodite","As “tribos” modernas, com grafites e moralismos urbanos foram a inspiração para esta Afrodite cosmopolita. 
Esta obra compõe da Série 'Afrodites', que homenageia o feminino, em todas a sua diversidade, tendo como elo de ligação, em cada pintura, a pose da deusa em “O Nascimento de Vênus”, de Sandro Botticelli. 
Seja pela Arte em si, seja como decoração ou investimento, esta obra, elaborada nos mais rigorosos requisitos Fine Art, é uma das dezessete originais com Certificado de Autenticidade, assinado pelo Artista, Henrique Vieira Filho, e registrado junto à Hanhemuehle, que possui a credibilidade de quem atua no mercado da Arte deste 1584.",https://hvfartes.com.br/wp-content/uploads/2016/08/image23.jpg,https://hvfartes.com.br/produto/urban-aphrodite/,"Série Afrodites, Telas - Pinturas - Gravuras","HVF Artes",4670BRL,in stock,Afrodite_Urbana_334,https://hvfartes.com.br/carrinho/?add-to-cart=334,,1970-01-29T00:00+00:00/1970-01-30T23:59+00:00,4670BRL,new,published,,
